{
    "features": [
        "Pregnancies",
        "Glucose",
        "BloodPressure",
        "Insulin",
        "BMI",
        "Age"
    ],
    "scaler": {
        "mean": [
            3.742671009771987,
            120.85504885993485,
            69.41530944625407,
            81.43811074918567,
            31.98338762214984,
            32.9071661237785
        ],
        "scale": [
            3.310564970320029,
            32.00895892883288,
            18.49751704841383,
            116.14014299402156,
            7.734319068645427,
            11.494065064569595
        ]
    },
    "model": {
        "coefficients": [
            0.21101309991161732,
            1.0666869246260406,
            -0.2404903629498803,
            -0.1579602025986847,
            0.8096760970852279,
            0.4166021078825952
        ],
        "intercept": -0.8893525197563541
    },
    "accuracy": 0.7207792207792207
}